excel_row,raw_label,mapped_label,split,original_length,resampled_length
2,0,0,query,153,200
3,0,0,query,153,200
4,10,1,query,149,200
5,0,0,query,136,200
6,0,0,query,151,200
7,0,0,query,153,200
8,0,0,query,154,200
9,10,1,query,152,200
10,0,0,query,147,200
11,0,0,query,149,200
12,10,1,query,147,200
13,10,1,query,148,200
14,10,1,query,147,200
15,0,0,query,153,200
16,0,0,query,147,200
17,0,0,query,150,200
18,0,0,query,149,200
19,0,0,query,157,200
20,0,0,query,137,200
21,10,1,query,148,200
22,0,0,query,156,200
23,0,0,query,155,200
24,0,0,query,153,200
25,0,0,query,155,200
26,0,0,query,156,200
27,10,1,query,155,200
28,0,0,query,154,200
29,0,0,query,154,200
30,0,0,query,152,200
31,0,0,query,150,200
32,10,1,query,148,200
33,10,1,query,146,200
34,0,0,query,156,200
35,0,0,query,147,200
36,0,0,query,162,200
37,10,1,query,158,200
38,10,1,query,160,200
39,0,0,query,153,200
40,0,0,query,160,200
41,0,0,query,152,200
42,0,0,query,161,200
43,0,0,query,153,200
44,0,0,query,155,200
45,0,0,query,154,200
46,0,0,query,160,200
47,0,0,query,153,200
48,0,0,query,144,200
49,0,0,query,153,200
50,0,0,query,140,200
51,0,0,query,153,200
52,0,0,query,149,200
53,0,0,query,154,200
54,0,0,query,158,200
55,0,0,query,160,200
56,0,0,query,165,200
57,0,0,query,164,200
58,0,0,query,161,200
59,0,0,query,166,200
60,0,0,query,152,200
61,0,0,query,153,200
62,0,0,query,154,200
63,0,0,query,148,200
64,0,0,query,149,200
65,0,0,query,145,200
66,0,0,query,155,200
67,0,0,query,149,200
68,0,0,query,147,200
69,0,0,query,145,200
70,0,0,query,148,200
71,0,0,query,144,200
72,0,0,query,145,200
73,0,0,query,147,200
74,0,0,query,149,200
75,0,0,query,145,200
76,0,0,query,148,200
77,0,0,query,143,200
78,0,0,query,147,200
79,0,0,query,147,200
80,0,0,query,148,200
81,0,0,query,143,200
82,0,0,query,147,200
83,0,0,query,154,200
84,0,0,query,150,200
85,0,0,query,148,200
86,0,0,query,157,200
87,0,0,query,152,200
88,0,0,query,153,200
89,0,0,query,152,200
90,0,0,query,151,200
91,0,0,query,153,200
92,0,0,query,155,200
93,0,0,query,154,200
94,0,0,query,157,200
95,0,0,query,155,200
96,4,4,query,838,200
97,4,4,query,747,200
98,8,2,query,817,200
99,8,2,query,472,200
100,8,2,query,508,200
101,8,2,query,436,200
102,8,2,query,319,200
103,8,2,query,582,200
104,8,2,query,992,200
105,8,2,query,695,200
106,8,2,query,662,200
107,1,7,query,77,200
108,8,2,query,510,200
109,8,2,query,380,200
110,8,2,query,408,200
111,8,2,query,992,200
112,4,4,query,992,200
113,8,2,query,992,200
114,8,2,query,614,200
115,8,2,query,992,200
116,8,2,query,671,200
117,8,2,query,568,200
118,8,2,query,632,200
119,8,2,query,797,200
120,9,3,query,83,200
121,9,3,query,82,200
122,8,2,query,393,200
123,8,2,query,334,200
124,8,2,query,473,200
125,8,2,query,992,200
126,1,7,query,59,200
127,9,3,query,992,200
128,8,2,query,586,200
129,8,2,query,446,200
130,9,3,query,79,200
131,9,3,query,78,200
132,9,3,query,88,200
133,8,2,query,992,200
134,8,2,support,706,200
135,8,2,query,322,200
136,1,7,query,79,200
137,8,2,query,363,200
138,8,2,query,389,200
139,8,2,query,992,200
140,8,2,query,689,200
142,3,5,query,88,200
143,8,2,query,958,200
144,8,2,query,677,200
145,8,2,query,690,200
146,1,7,query,24,200
147,8,2,query,992,200
148,8,2,query,527,200
149,8,2,query,442,200
150,9,3,query,992,200
151,8,2,query,667,200
152,9,3,query,992,200
153,8,2,query,745,200
154,8,2,query,692,200
155,8,2,query,992,200
156,8,2,query,766,200
157,8,2,query,683,200
158,0,0,query,158,200
159,0,0,query,152,200
160,0,0,query,155,200
161,0,0,query,150,200
162,0,0,query,154,200
163,0,0,query,148,200
164,0,0,query,152,200
165,0,0,query,150,200
166,0,0,query,154,200
167,0,0,query,149,200
168,0,0,query,154,200
169,0,0,query,150,200
170,0,0,query,152,200
171,0,0,query,149,200
172,0,0,query,152,200
173,0,0,query,147,200
174,0,0,query,151,200
175,0,0,query,148,200
176,0,0,query,151,200
177,0,0,query,150,200
178,0,0,query,151,200
179,0,0,query,147,200
180,0,0,query,150,200
181,0,0,query,149,200
182,0,0,query,150,200
183,4,4,support,727,200
184,4,4,query,642,200
185,4,4,query,992,200
186,4,4,query,829,200
187,0,0,query,147,200
188,0,0,query,148,200
189,0,0,query,145,200
190,0,0,query,144,200
191,0,0,query,145,200
192,0,0,query,146,200
193,0,0,query,144,200
194,8,2,query,992,200
195,6,6,query,97,200
196,8,2,query,454,200
197,8,2,query,934,200
198,8,2,query,453,200
199,0,0,query,153,200
200,0,0,query,154,200
201,0,0,query,152,200
202,0,0,query,154,200
203,0,0,query,151,200
204,0,0,query,155,200
205,0,0,query,150,200
206,0,0,query,153,200
207,0,0,query,151,200
208,0,0,query,152,200
209,0,0,query,153,200
210,0,0,query,156,200
211,0,0,query,152,200
212,0,0,query,156,200
213,0,0,query,151,200
214,0,0,query,156,200
215,0,0,query,152,200
216,0,0,query,156,200
217,4,4,query,992,200
218,0,0,query,164,200
220,3,5,query,165,200
221,0,0,query,164,200
222,0,0,query,163,200
223,4,4,query,795,200
224,0,0,query,162,200
225,0,0,query,166,200
226,0,0,query,158,200
227,0,0,query,162,200
228,0,0,query,158,200
229,0,0,query,162,200
230,0,0,query,158,200
231,0,0,query,161,200
232,0,0,support,158,200
233,0,0,query,161,200
234,0,0,query,158,200
235,0,0,query,161,200
236,0,0,query,158,200
237,0,0,query,160,200
238,0,0,query,157,200
239,0,0,query,159,200
240,0,0,query,158,200
241,0,0,query,162,200
242,0,0,query,158,200
243,0,0,query,161,200
244,0,0,query,157,200
245,0,0,query,160,200
246,0,0,query,156,200
247,0,0,query,163,200
248,0,0,query,158,200
249,0,0,query,161,200
250,0,0,query,159,200
251,0,0,query,160,200
252,0,0,query,157,200
253,0,0,query,161,200
254,0,0,query,159,200
255,0,0,query,160,200
256,0,0,query,158,200
257,0,0,query,161,200
258,0,0,query,157,200
259,0,0,query,158,200
260,0,0,query,155,200
261,0,0,query,157,200
262,0,0,query,155,200
263,0,0,query,161,200
264,0,0,query,156,200
265,0,0,query,160,200
266,0,0,query,156,200
267,0,0,query,159,200
268,0,0,query,156,200
269,0,0,query,159,200
270,0,0,query,155,200
271,0,0,query,157,200
272,0,0,query,154,200
273,0,0,query,158,200
274,0,0,query,158,200
275,0,0,query,162,200
276,0,0,query,157,200
277,0,0,query,158,200
278,0,0,query,155,200
279,0,0,query,157,200
280,0,0,query,157,200
281,0,0,query,158,200
282,0,0,query,156,200
283,0,0,query,158,200
284,0,0,query,156,200
285,0,0,query,157,200
286,0,0,query,154,200
287,0,0,query,158,200
288,0,0,query,157,200
289,0,0,query,157,200
290,0,0,query,154,200
291,0,0,query,158,200
292,0,0,query,157,200
293,0,0,query,160,200
294,0,0,query,153,200
295,0,0,query,156,200
296,0,0,query,153,200
297,0,0,query,156,200
298,0,0,query,153,200
299,0,0,query,158,200
300,0,0,query,153,200
301,0,0,query,155,200
302,0,0,query,153,200
303,0,0,query,157,200
304,0,0,query,156,200
305,0,0,query,158,200
306,0,0,query,157,200
307,0,0,query,153,200
308,0,0,query,156,200
309,0,0,query,154,200
310,0,0,query,155,200
311,0,0,query,155,200
312,0,0,query,154,200
313,0,0,query,157,200
314,0,0,query,153,200
315,0,0,query,153,200
316,0,0,query,152,200
317,0,0,query,151,200
318,0,0,query,153,200
319,0,0,query,152,200
320,0,0,query,153,200
321,0,0,query,150,200
322,0,0,query,152,200
323,0,0,query,152,200
324,0,0,query,153,200
325,0,0,query,156,200
326,0,0,query,153,200
327,0,0,query,151,200
328,0,0,query,153,200
329,0,0,query,150,200
330,0,0,query,92,200
331,8,2,query,277,200
332,8,2,query,377,200
333,8,2,query,384,200
334,8,2,query,641,200
335,4,4,query,992,200
336,8,2,query,643,200
337,8,2,query,992,200
338,8,2,query,631,200
339,8,2,support,390,200
340,8,2,query,811,200
341,8,2,query,314,200
342,8,2,query,332,200
343,8,2,query,669,200
344,8,2,query,992,200
345,9,3,query,903,200
346,8,2,query,459,200
347,8,2,query,712,200
348,8,2,query,992,200
349,8,2,query,992,200
350,0,0,query,156,200
351,0,0,query,155,200
352,0,0,query,160,200
353,0,0,query,156,200
354,0,0,query,159,200
355,0,0,query,154,200
356,0,0,query,156,200
357,0,0,query,155,200
358,0,0,query,157,200
359,0,0,query,155,200
360,0,0,query,159,200
361,0,0,query,153,200
362,0,0,query,154,200
363,0,0,query,150,200
364,0,0,query,153,200
365,0,0,query,151,200
366,0,0,query,152,200
367,0,0,query,149,200
368,0,0,query,151,200
369,0,0,query,152,200
370,0,0,query,154,200
371,0,0,query,167,200
372,0,0,query,167,200
373,6,6,support,168,200
374,4,4,query,986,200
376,0,0,query,166,200
377,0,0,query,166,200
378,0,0,query,163,200
379,0,0,query,164,200
380,0,0,query,166,200
381,0,0,query,166,200
382,0,0,query,162,200
383,0,0,query,166,200
384,0,0,query,165,200
385,0,0,query,167,200
386,0,0,query,166,200
387,0,0,query,165,200
388,0,0,query,165,200
389,0,0,query,165,200
390,0,0,query,154,200
391,8,2,query,609,200
392,8,2,support,740,200
393,3,5,query,158,200
394,8,2,query,501,200
395,8,2,query,644,200
396,8,2,query,442,200
397,0,0,query,148,200
398,0,0,query,798,200
399,0,0,query,151,200
400,0,0,query,992,200
401,0,0,query,147,200
402,0,0,query,149,200
403,0,0,query,149,200
404,0,0,query,153,200
405,0,0,query,152,200
406,10,1,query,151,200
407,10,1,query,151,200
408,0,0,query,151,200
409,0,0,query,151,200
410,0,0,query,153,200
411,0,0,query,154,200
412,0,0,query,154,200
413,0,0,query,156,200
414,10,1,query,154,200
415,0,0,query,152,200
416,0,0,query,152,200
417,0,0,query,152,200
418,0,0,query,152,200
419,0,0,query,151,200
420,0,0,query,156,200
421,0,0,query,153,200
422,10,1,query,153,200
423,0,0,query,154,200
424,10,1,query,153,200
425,0,0,query,153,200
426,0,0,query,154,200
427,0,0,query,154,200
428,0,0,query,152,200
429,0,0,query,152,200
430,0,0,query,152,200
431,0,0,query,151,200
432,0,0,query,150,200
433,0,0,query,151,200
434,0,0,query,151,200
435,0,0,query,161,200
436,0,0,query,153,200
437,0,0,query,153,200
438,0,0,query,152,200
439,0,0,query,155,200
440,0,0,query,152,200
441,0,0,query,153,200
442,0,0,query,151,200
443,0,0,query,153,200
444,0,0,query,150,200
445,0,0,query,152,200
446,10,1,query,149,200
447,0,0,query,151,200
448,10,1,query,150,200
449,0,0,query,152,200
450,0,0,query,153,200
451,8,2,query,661,200
452,8,2,query,768,200
453,8,2,query,527,200
454,8,2,query,407,200
455,8,2,support,370,200
456,8,2,query,603,200
457,8,2,query,313,200
458,4,4,query,913,200
459,8,2,query,299,200
460,8,2,query,401,200
461,8,2,query,677,200
462,8,2,query,603,200
463,8,2,query,475,200
464,8,2,query,714,200
465,9,3,query,992,200
466,9,3,query,992,200
467,8,2,query,353,200
468,8,2,query,329,200
469,8,2,query,619,200
470,8,2,query,502,200
471,8,2,query,992,200
472,8,2,query,992,200
473,8,2,query,386,200
474,8,2,query,375,200
475,8,2,query,648,200
476,8,2,query,706,200
477,8,2,query,992,200
478,8,2,query,813,200
479,9,3,query,70,200
480,8,2,query,565,200
481,8,2,query,432,200
482,8,2,query,716,200
483,1,7,query,49,200
484,8,2,query,867,200
485,4,4,query,992,200
486,1,7,support,81,200
487,8,2,query,677,200
488,9,3,query,74,200
489,9,3,query,992,200
490,1,7,support,35,200
491,8,2,query,500,200
492,8,2,query,811,200
493,0,0,query,161,200
494,0,0,query,151,200
495,0,0,query,163,200
496,0,0,query,157,200
497,0,0,query,162,200
498,0,0,query,157,200
499,0,0,query,157,200
500,0,0,query,156,200
501,0,0,query,157,200
502,0,0,query,153,200
503,0,0,query,156,200
504,0,0,query,153,200
505,0,0,query,161,200
506,0,0,query,148,200
507,0,0,query,162,200
508,0,0,query,155,200
509,0,0,query,154,200
510,0,0,query,151,200
511,0,0,query,160,200
512,0,0,query,152,200
513,0,0,query,160,200
514,0,0,query,150,200
515,0,0,query,157,200
516,4,4,query,878,200
517,0,0,query,150,200
518,8,2,query,731,200
519,0,0,query,147,200
520,9,3,query,992,200
521,0,0,query,146,200
522,0,0,query,138,200
523,0,0,query,143,200
524,0,0,query,138,200
525,0,0,query,143,200
526,0,0,query,140,200
527,0,0,query,144,200
528,0,0,query,139,200
529,0,0,query,148,200
530,0,0,query,145,200
531,0,0,query,146,200
532,0,0,query,143,200
533,0,0,query,146,200
534,0,0,query,146,200
535,0,0,query,146,200
536,0,0,query,146,200
537,0,0,query,145,200
538,0,0,query,140,200
539,0,0,query,147,200
540,0,0,query,142,200
541,0,0,query,146,200
542,0,0,query,141,200
543,0,0,query,147,200
544,0,0,query,141,200
545,0,0,query,148,200
546,0,0,query,140,200
547,0,0,query,147,200
548,0,0,query,142,200
549,0,0,query,150,200
550,0,0,query,140,200
551,0,0,query,150,200
552,0,0,query,143,200
553,0,0,query,152,200
554,0,0,query,143,200
555,0,0,query,149,200
556,0,0,query,142,200
557,0,0,query,149,200
558,0,0,query,145,200
559,0,0,query,151,200
560,0,0,query,142,200
561,0,0,query,152,200
562,0,0,query,143,200
563,0,0,query,150,200
564,0,0,query,142,200
565,0,0,query,148,200
566,0,0,query,148,200
567,0,0,query,151,200
568,0,0,query,147,200
569,0,0,query,149,200
570,0,0,query,143,200
571,0,0,query,151,200
572,0,0,query,142,200
573,0,0,query,147,200
574,0,0,query,142,200
575,0,0,query,149,200
576,0,0,query,141,200
577,0,0,query,146,200
578,0,0,query,141,200
579,0,0,query,154,200
580,0,0,query,144,200
581,0,0,query,152,200
582,0,0,query,142,200
583,0,0,query,151,200
584,0,0,query,144,200
585,0,0,query,150,200
586,0,0,query,141,200
587,0,0,query,150,200
588,0,0,query,142,200
589,0,0,query,148,200
590,0,0,query,142,200
591,0,0,query,146,200
592,0,0,query,142,200
593,0,0,query,150,200
594,0,0,query,151,200
595,0,0,query,146,200
596,0,0,query,149,200
597,0,0,query,146,200
598,0,0,query,148,200
599,0,0,query,143,200
600,0,0,query,149,200
601,0,0,query,146,200
602,0,0,query,150,200
603,0,0,query,147,200
604,0,0,query,152,200
605,0,0,query,147,200
606,0,0,query,152,200
607,10,1,query,148,200
608,0,0,query,153,200
609,0,0,query,149,200
610,10,1,query,155,200
611,0,0,query,150,200
612,0,0,query,150,200
613,0,0,query,146,200
614,0,0,query,150,200
615,0,0,query,146,200
616,0,0,query,150,200
617,0,0,query,146,200
618,0,0,query,150,200
619,0,0,query,146,200
620,0,0,query,150,200
621,0,0,query,147,200
622,0,0,query,151,200
623,0,0,query,147,200
624,0,0,query,149,200
625,0,0,query,147,200
626,0,0,query,148,200
627,0,0,query,146,200
628,0,0,query,150,200
629,0,0,query,145,200
630,0,0,query,150,200
631,0,0,query,145,200
632,0,0,query,148,200
633,0,0,query,144,200
634,0,0,query,150,200
635,0,0,query,145,200
636,0,0,query,150,200
637,0,0,query,145,200
638,10,1,query,150,200
639,0,0,query,145,200
640,0,0,query,150,200
641,0,0,query,147,200
642,0,0,query,151,200
643,0,0,query,143,200
644,0,0,query,149,200
645,0,0,query,145,200
646,0,0,query,79,200
647,0,0,query,149,200
648,0,0,query,148,200
649,4,4,query,827,200
650,4,4,query,992,200
651,4,4,query,793,200
652,0,0,query,145,200
653,0,0,query,149,200
654,0,0,query,144,200
655,0,0,query,150,200
656,0,0,query,144,200
657,10,1,query,151,200
658,0,0,query,145,200
659,0,0,query,149,200
660,0,0,query,146,200
661,8,2,query,474,200
662,8,2,query,399,200
663,10,1,query,153,200
664,8,2,query,908,200
665,0,0,query,144,200
666,0,0,query,148,200
667,3,5,query,150,200
668,3,5,query,155,200
669,3,5,query,149,200
670,3,5,query,154,200
671,3,5,query,151,200
672,8,2,query,328,200
673,3,5,support,157,200
674,4,4,query,940,200
675,0,0,query,149,200
676,4,4,query,924,200
677,8,2,query,149,200
678,0,0,query,152,200
679,0,0,query,141,200
680,0,0,query,144,200
681,0,0,query,140,200
682,10,1,query,145,200
683,0,0,query,142,200
684,0,0,query,145,200
685,0,0,query,141,200
686,0,0,query,143,200
687,0,0,query,143,200
688,10,1,query,144,200
689,0,0,query,142,200
690,10,1,support,145,200
691,0,0,query,142,200
692,0,0,query,147,200
693,0,0,query,142,200
694,0,0,query,147,200
695,0,0,query,142,200
696,0,0,query,147,200
697,0,0,query,143,200
698,0,0,query,150,200
699,10,1,query,144,200
700,10,1,query,147,200
701,0,0,query,143,200
702,0,0,query,148,200
703,0,0,query,143,200
704,0,0,query,147,200
705,0,0,query,142,200
706,0,0,query,150,200
707,0,0,query,143,200
708,0,0,query,152,200
709,0,0,query,147,200
710,0,0,query,152,200
711,0,0,query,146,200
712,0,0,query,152,200
713,0,0,query,145,200
714,0,0,query,150,200
715,0,0,query,145,200
716,0,0,query,153,200
717,0,0,query,146,200
718,10,1,query,151,200
719,0,0,query,145,200
720,0,0,query,151,200
721,0,0,query,144,200
722,0,0,query,149,200
723,0,0,query,144,200
724,0,0,query,150,200
725,0,0,query,145,200
726,0,0,query,152,200
727,0,0,query,147,200
728,0,0,query,153,200
729,0,0,query,147,200
730,0,0,query,152,200
731,0,0,query,145,200
732,0,0,query,152,200
733,10,1,query,148,200
734,0,0,query,152,200
735,0,0,query,146,200
736,0,0,query,152,200
737,0,0,query,145,200
738,0,0,query,151,200
739,0,0,query,147,200
740,10,1,query,153,200
741,0,0,query,150,200
742,10,1,query,152,200
743,0,0,query,146,200
744,0,0,query,151,200
745,0,0,query,141,200
746,0,0,query,147,200
747,0,0,query,145,200
748,0,0,query,150,200
749,0,0,query,145,200
750,0,0,query,150,200
751,0,0,query,149,200
752,0,0,query,152,200
753,10,1,query,148,200
754,0,0,query,152,200
755,0,0,query,148,200
756,0,0,query,154,200
757,0,0,query,149,200
758,0,0,query,153,200
759,0,0,query,149,200
760,0,0,query,153,200
761,0,0,query,149,200
762,0,0,query,153,200
763,0,0,query,149,200
764,0,0,query,155,200
765,0,0,query,146,200
766,0,0,query,152,200
767,0,0,query,145,200
768,0,0,query,152,200
769,0,0,query,147,200
770,0,0,query,151,200
771,0,0,query,147,200
772,0,0,query,152,200
773,0,0,query,147,200
774,0,0,query,152,200
775,10,1,query,147,200
776,10,1,query,152,200
777,10,1,query,147,200
778,0,0,query,152,200
779,10,1,query,163,200
780,0,0,query,154,200
781,0,0,query,149,200
782,10,1,query,159,200
783,0,0,query,161,200
784,0,0,query,157,200
785,0,0,query,162,200
786,0,0,query,158,200
787,10,1,query,161,200
788,10,1,query,158,200
789,0,0,query,160,200
790,0,0,query,159,200
791,0,0,query,161,200
792,0,0,query,158,200
793,10,1,query,160,200
794,10,1,query,157,200
795,0,0,query,150,200
796,0,0,query,156,200
797,0,0,query,157,200
798,0,0,query,156,200
799,0,0,query,150,200
800,0,0,query,157,200
801,10,1,query,158,200
802,0,0,query,153,200
803,0,0,query,154,200
804,0,0,query,154,200
805,0,0,query,155,200
806,0,0,query,156,200
807,0,0,query,150,200
808,0,0,query,154,200
809,0,0,query,155,200
810,0,0,query,150,200
811,0,0,query,156,200
812,0,0,query,156,200
813,6,6,query,164,200
814,4,4,query,812,200
815,6,6,query,159,200
816,6,6,query,162,200
817,3,5,query,162,200
818,4,4,query,535,200
819,6,6,query,155,200
820,3,5,query,156,200
821,4,4,query,534,200
822,6,6,support,153,200
823,3,5,query,153,200
825,10,1,query,146,200
826,6,6,query,155,200
827,3,5,query,154,200
828,4,4,support,808,200
829,0,0,query,151,200
830,4,4,query,487,200
831,10,1,query,149,200
832,0,0,query,146,200
833,10,1,query,149,200
834,8,2,query,419,200
835,8,2,query,438,200
836,3,5,query,156,200
837,8,2,query,389,200
838,8,2,query,342,200
839,4,4,query,766,200
840,4,4,query,992,200
841,3,5,query,150,200
842,3,5,query,148,200
843,0,0,query,145,200
844,0,0,query,145,200
845,10,1,query,145,200
846,0,0,query,144,200
847,0,0,query,146,200
848,0,0,query,145,200
849,10,1,query,146,200
850,10,1,query,146,200
851,0,0,query,145,200
852,10,1,query,146,200
853,10,1,query,134,200
854,10,1,query,144,200
855,0,0,query,146,200
856,0,0,query,147,200
857,10,1,query,146,200
858,10,1,query,146,200
859,0,0,query,147,200
860,10,1,query,146,200
861,0,0,query,147,200
862,0,0,query,145,200
863,10,1,query,146,200
864,0,0,query,146,200
865,10,1,query,148,200
866,0,0,query,150,200
867,0,0,query,143,200
868,0,0,query,148,200
869,0,0,query,148,200
870,0,0,query,147,200
871,10,1,query,147,200
872,0,0,query,147,200
873,0,0,query,147,200
874,0,0,query,149,200
875,0,0,query,147,200
876,10,1,query,148,200
877,10,1,query,150,200
878,0,0,query,148,200
879,10,1,query,149,200
880,10,1,query,150,200
881,10,1,query,151,200
882,0,0,query,149,200
883,0,0,query,149,200
884,0,0,query,148,200
885,0,0,query,148,200
886,10,1,query,150,200
887,10,1,query,148,200
888,0,0,query,151,200
889,0,0,query,150,200
890,10,1,query,148,200
891,0,0,query,148,200
892,0,0,query,149,200
893,0,0,query,148,200
894,0,0,query,148,200
895,0,0,query,147,200
896,0,0,query,148,200
897,0,0,query,137,200
898,0,0,query,149,200
899,0,0,query,147,200
900,10,1,query,149,200
901,0,0,query,147,200
902,0,0,query,149,200
903,0,0,query,149,200
904,0,0,query,148,200
905,0,0,query,148,200
906,0,0,query,150,200
907,0,0,query,148,200
908,0,0,query,150,200
909,0,0,query,149,200
910,0,0,query,149,200
911,10,1,query,148,200
912,10,1,query,149,200
913,0,0,query,149,200
914,0,0,query,151,200
915,10,1,query,148,200
916,10,1,query,150,200
917,0,0,query,146,200
918,0,0,query,148,200
919,0,0,query,147,200
920,10,1,query,148,200
921,10,1,query,148,200
922,0,0,query,151,200
923,0,0,query,147,200
924,0,0,query,148,200
925,0,0,query,145,200
926,10,1,query,147,200
927,0,0,query,146,200
928,0,0,query,147,200
929,10,1,query,151,200
930,0,0,query,148,200
931,0,0,query,147,200
932,0,0,query,150,200
933,0,0,query,147,200
934,10,1,query,145,200
935,10,1,query,147,200
936,0,0,query,147,200
937,0,0,query,147,200
938,10,1,query,148,200
939,10,1,query,148,200
940,0,0,query,149,200
941,0,0,query,147,200
942,0,0,query,151,200
943,10,1,query,148,200
944,0,0,query,148,200
945,0,0,query,146,200
946,0,0,query,148,200
947,0,0,query,146,200
948,0,0,query,149,200
949,0,0,query,147,200
950,0,0,query,151,200
951,0,0,query,149,200
952,0,0,query,147,200
953,0,0,query,148,200
954,0,0,query,149,200
955,0,0,query,148,200
956,0,0,query,150,200
957,0,0,query,146,200
958,0,0,query,150,200
959,0,0,query,147,200
960,0,0,query,150,200
961,0,0,query,147,200
962,10,1,query,149,200
963,10,1,query,147,200
964,10,1,query,149,200
965,0,0,query,145,200
966,10,1,query,151,200
967,10,1,query,146,200
968,0,0,query,148,200
969,0,0,query,146,200
970,0,0,query,149,200
971,0,0,query,145,200
972,0,0,query,153,200
973,10,1,query,155,200
974,10,1,query,157,200
975,0,0,query,156,200
976,10,1,query,156,200
977,10,1,query,157,200
978,0,0,query,141,200
979,9,3,query,144,200
980,0,0,query,156,200
981,10,1,query,157,200
982,10,1,query,156,200
983,0,0,query,158,200
984,0,0,query,155,200
985,0,0,support,158,200
986,10,1,query,157,200
987,0,0,query,159,200
988,10,1,query,156,200
989,0,0,query,153,200
990,0,0,query,130,200
991,10,1,query,141,200
992,10,1,query,153,200
993,0,0,query,154,200
994,0,0,query,154,200
995,0,0,query,157,200
996,0,0,query,155,200
997,1,7,support,94,200
998,0,0,query,170,200
999,0,0,support,166,200
1000,8,2,query,313,200
1001,9,3,query,954,200
1002,8,2,query,719,200
1003,0,0,query,166,200
1004,8,2,query,992,200
1005,0,0,query,164,200
1006,10,1,query,169,200
1007,0,0,query,164,200
1008,0,0,query,168,200
1009,3,5,query,534,200
1010,0,0,query,164,200
1011,6,6,query,173,200
1012,10,1,query,168,200
1013,10,1,query,174,200
1014,9,3,query,992,200
1015,9,3,query,992,200
1016,0,0,query,168,200
1017,10,1,query,171,200
1018,10,1,query,163,200
1019,10,1,query,170,200
1020,0,0,query,163,200
1021,10,1,query,167,200
1022,0,0,query,163,200
1023,0,0,query,168,200
1024,0,0,query,162,200
1025,10,1,query,170,200
1026,0,0,query,165,200
1027,9,3,query,147,200
1028,9,3,query,147,200
1029,10,1,query,157,200
1030,0,0,query,157,200
1031,0,0,query,160,200
1032,3,5,query,134,200
1033,0,0,query,157,200
1034,0,0,query,154,200
1035,0,0,query,158,200
1036,10,1,query,156,200
1037,0,0,query,160,200
1038,10,1,query,159,200
1039,0,0,query,161,200
1040,0,0,query,161,200
1041,0,0,query,146,200
1042,0,0,query,144,200
1043,10,1,query,161,200
1044,0,0,query,157,200
1045,0,0,query,161,200
1046,10,1,query,151,200
1047,10,1,query,160,200
1048,0,0,query,158,200
1049,0,0,query,162,200
1050,0,0,query,163,200
1051,0,0,query,161,200
1052,0,0,query,161,200
1053,10,1,query,161,200
1054,9,3,query,137,200
1055,0,0,query,148,200
1056,10,1,query,159,200
1057,10,1,query,161,200
1058,0,0,query,147,200
1059,0,0,query,163,200
1060,10,1,query,162,200
1061,10,1,query,147,200
1062,0,0,query,157,200
1063,0,0,query,159,200
1064,0,0,query,145,200
1065,10,1,query,158,200
1066,0,0,query,155,200
1067,0,0,query,157,200
1068,0,0,query,156,200
1069,10,1,query,159,200
1070,0,0,query,157,200
1071,0,0,query,159,200
1072,0,0,query,159,200
1073,10,1,query,162,200
1074,9,3,query,148,200
1075,0,0,query,163,200
1076,9,3,support,149,200
1077,10,1,query,159,200
1078,0,0,query,144,200
1079,0,0,query,161,200
1080,10,1,query,159,200
1081,10,1,query,149,200
1082,0,0,query,157,200
1083,0,0,query,162,200
1084,0,0,query,161,200
1085,0,0,query,162,200
1086,0,0,query,150,200
1087,9,3,query,150,200
1088,0,0,query,147,200
1089,0,0,query,148,200
1090,0,0,query,159,200
1091,0,0,query,160,200
1092,0,0,query,159,200
1093,0,0,query,159,200
1094,10,1,query,160,200
1095,0,0,query,160,200
1096,10,1,query,159,200
1097,0,0,query,147,200
1098,10,1,query,144,200
1099,8,2,query,992,200
1100,8,2,query,451,200
1101,0,0,query,169,200
1102,0,0,query,161,200
1103,0,0,query,167,200
1104,0,0,query,158,200
1105,6,6,query,168,200
1106,0,0,query,160,200
1107,0,0,query,165,200
1108,0,0,query,160,200
1109,6,6,query,170,200
1110,0,0,query,162,200
1111,0,0,query,167,200
1112,0,0,query,158,200
1113,6,6,support,168,200
1114,0,0,query,160,200
1115,4,4,query,916,200
1116,8,2,query,707,200
1117,0,0,query,159,200
1118,0,0,query,171,200
1119,8,2,query,454,200
1120,0,0,query,153,200
1121,0,0,query,167,200
1122,0,0,query,158,200
1123,0,0,query,169,200
1124,0,0,query,158,200
1125,0,0,query,168,200
1126,0,0,query,159,200
1127,0,0,query,169,200
1128,0,0,query,159,200
1129,0,0,query,168,200
1130,0,0,query,158,200
1131,0,0,query,168,200
1132,6,6,query,165,200
1133,6,6,query,180,200
1134,4,4,query,992,200
1135,0,0,query,163,200
1136,4,4,query,992,200
1137,4,4,query,761,200
1138,0,0,query,167,200
1139,3,5,support,160,200
1140,3,5,query,167,200
1141,0,0,query,157,200
1142,0,0,query,166,200
1143,0,0,query,157,200
1144,0,0,query,167,200
1145,0,0,query,158,200
1146,0,0,query,165,200
1147,0,0,query,157,200
1148,0,0,query,165,200
1149,0,0,query,156,200
1150,0,0,query,163,200
1151,0,0,query,154,200
1152,0,0,query,163,200
1153,0,0,query,154,200
1154,0,0,query,165,200
1155,0,0,query,154,200
1156,0,0,query,150,200
1157,0,0,query,153,200
1158,0,0,query,164,200
1159,0,0,query,154,200
1160,0,0,query,164,200
1161,3,5,query,141,200
1162,0,0,query,161,200
1163,0,0,query,150,200
1164,0,0,query,159,200
1165,0,0,query,149,200
1166,6,6,query,167,200
1167,0,0,query,154,200
1168,0,0,query,167,200
1169,0,0,query,154,200
1170,0,0,query,161,200
1171,0,0,query,153,200
1172,0,0,query,161,200
1173,0,0,query,151,200
1174,0,0,query,159,200
1175,0,0,query,150,200
1176,0,0,query,148,200
1177,0,0,query,148,200
1178,0,0,query,161,200
1179,0,0,query,160,200
1180,9,3,query,154,200
1181,0,0,query,157,200
1182,0,0,query,146,200
1183,0,0,query,160,200
1184,0,0,query,147,200
1185,0,0,query,163,200
1186,0,0,query,157,200
1187,0,0,query,157,200
1188,0,0,query,158,200
1189,0,0,query,163,200
1190,0,0,query,162,200
1191,6,6,query,163,200
1192,3,5,query,161,200
1193,0,0,query,155,200
1194,6,6,query,155,200
1195,4,4,query,498,200
1196,0,0,query,155,200
1197,4,4,query,638,200
1198,4,4,query,542,200
1199,0,0,query,151,200
1200,3,5,query,158,200
1201,3,5,support,158,200
1202,4,4,query,603,200
1203,0,0,query,153,200
1204,3,5,query,152,200
1205,0,0,query,152,200
1206,0,0,query,151,200
1207,0,0,query,152,200
1208,0,0,query,150,200
1209,0,0,query,146,200
1210,8,2,query,745,200
1211,0,0,query,145,200
1212,8,2,query,482,200
1213,0,0,query,142,200
1214,4,4,query,941,200
1215,0,0,query,142,200
1216,3,5,query,148,200
1217,0,0,query,143,200
1218,0,0,query,145,200
1219,0,0,query,141,200
1220,0,0,query,145,200
1221,0,0,query,142,200
1222,0,0,query,145,200
1223,0,0,query,141,200
1224,0,0,query,145,200
1225,0,0,query,141,200
1226,0,0,query,145,200
1227,0,0,query,143,200
1228,0,0,query,143,200
1229,0,0,query,144,200
1230,0,0,query,144,200
1231,0,0,query,145,200
1232,0,0,query,144,200
1233,0,0,query,131,200
1234,0,0,query,131,200
1235,0,0,query,143,200
1236,0,0,query,145,200
1237,0,0,query,143,200
1238,0,0,query,145,200
1239,0,0,query,143,200
1240,0,0,query,144,200
1241,0,0,query,142,200
1242,0,0,query,144,200
1243,0,0,query,147,200
1244,0,0,query,150,200
1245,0,0,query,150,200
1246,0,0,query,148,200
1247,0,0,query,146,200
1248,0,0,query,147,200
1249,0,0,query,145,200
1250,0,0,query,145,200
1251,0,0,query,146,200
1252,0,0,query,146,200
1253,0,0,query,145,200
1254,0,0,query,147,200
1255,8,2,query,992,200
1256,9,3,query,992,200
1257,8,2,query,979,200
1261,8,2,query,745,200
1262,9,3,query,992,200
1263,8,2,support,756,200
1264,8,2,query,488,200
1265,9,3,support,73,200
1266,8,2,query,477,200
1267,9,3,query,77,200
1268,8,2,query,423,200
1269,8,2,query,878,200
1270,8,2,query,992,200
1271,9,3,query,992,200
1272,9,3,query,80,200
1273,9,3,query,78,200
1274,9,3,query,80,200
1275,8,2,query,517,200
1276,9,3,query,75,200
1277,9,3,query,74,200
1278,9,3,query,77,200
1279,9,3,query,74,200
1280,8,2,query,677,200
1281,8,2,query,641,200
1282,8,2,query,990,200
1283,8,2,query,817,200
1284,8,2,query,527,200
1285,8,2,query,619,200
1286,9,3,query,992,200
1287,8,2,query,320,200
1288,9,3,query,992,200
1289,8,2,query,992,200
1290,0,0,query,151,200
1291,0,0,query,151,200
1292,0,0,query,151,200
1293,0,0,query,152,200
1294,0,0,query,151,200
1295,0,0,query,157,200
1296,0,0,query,152,200
1297,0,0,query,152,200
1298,0,0,query,151,200
1299,0,0,query,155,200
1300,0,0,query,151,200
1301,0,0,query,150,200
1302,0,0,query,149,200
1303,0,0,query,152,200
1304,0,0,query,152,200
1305,0,0,query,156,200
1306,0,0,query,152,200
1307,0,0,query,152,200
1308,0,0,query,152,200
1309,0,0,query,153,200
1310,0,0,query,151,200
1311,0,0,query,157,200
1312,0,0,query,155,200
1313,0,0,query,159,200
1314,0,0,query,155,200
1315,0,0,query,157,200
1316,0,0,query,154,200
1317,0,0,query,154,200
1318,0,0,query,150,200
1319,0,0,query,151,200
1320,0,0,query,150,200
1321,0,0,query,150,200
1322,0,0,query,151,200
1323,0,0,query,151,200
1324,0,0,query,151,200
1325,0,0,query,151,200
1326,0,0,query,151,200
1327,0,0,query,152,200
1328,0,0,query,152,200
1329,0,0,query,152,200
1330,0,0,query,152,200
1331,0,0,query,158,200
1332,0,0,query,156,200
1333,0,0,query,157,200
1334,0,0,query,152,200
1335,0,0,query,153,200
1336,0,0,query,151,200
1337,0,0,query,152,200
1338,0,0,query,151,200
1339,0,0,query,152,200
1340,0,0,query,151,200
1341,0,0,query,152,200
1342,0,0,query,151,200
1343,0,0,query,156,200
1344,0,0,query,150,200
1345,0,0,query,159,200
1346,0,0,query,156,200
1347,0,0,query,157,200
1348,0,0,query,152,200
1349,3,5,query,155,200
1350,9,3,query,992,200
1351,0,0,query,153,200
1352,0,0,query,992,200
1353,0,0,query,154,200
1354,0,0,query,152,200
1355,0,0,query,153,200
1356,9,3,query,992,200
1357,8,2,query,417,200
1358,3,5,query,155,200
1359,8,2,query,427,200
1360,0,0,query,151,200
1361,0,0,query,152,200
1362,0,0,query,151,200
1363,0,0,query,152,200
1364,0,0,query,151,200
1365,0,0,query,152,200
1366,0,0,query,149,200
1367,0,0,query,150,200
1368,0,0,query,151,200
1369,0,0,query,152,200
1370,0,0,query,149,200
1371,0,0,query,151,200
1372,0,0,query,154,200
1373,0,0,query,155,200
1374,0,0,query,149,200
1375,0,0,query,148,200
1376,0,0,query,149,200
1377,0,0,query,151,200
1378,0,0,query,148,200
1379,0,0,query,150,200
1380,0,0,query,152,200
1381,0,0,query,152,200
1382,0,0,query,148,200
1383,0,0,query,150,200
1384,0,0,query,148,200
1385,0,0,query,149,200
1386,0,0,query,150,200
1387,0,0,query,151,200
1388,0,0,query,152,200
1389,0,0,query,153,200
1390,0,0,query,152,200
1391,0,0,query,152,200
1392,0,0,query,150,200
1393,10,1,query,151,200
1394,10,1,query,150,200
1395,10,1,query,148,200
1396,10,1,query,148,200
1397,10,1,query,150,200
1398,10,1,query,150,200
1399,10,1,query,149,200
1400,10,1,query,149,200
1401,0,0,query,151,200
1402,0,0,query,151,200
1403,0,0,query,150,200
1404,0,0,query,148,200
1405,0,0,query,148,200
1406,0,0,query,150,200
1407,0,0,query,148,200
1408,0,0,query,148,200
1409,0,0,query,150,200
1410,0,0,query,149,200
1411,0,0,query,151,200
1412,0,0,query,150,200
1413,0,0,query,151,200
1414,0,0,query,151,200
1415,0,0,query,151,200
1416,0,0,query,148,200
1417,0,0,query,147,200
1418,0,0,query,147,200
1419,0,0,query,147,200
1420,0,0,query,149,200
1421,0,0,query,148,200
1422,0,0,query,149,200
1423,0,0,query,147,200
1424,0,0,query,153,200
1425,0,0,query,152,200
1426,0,0,query,148,200
1427,0,0,query,148,200
1428,0,0,query,157,200
1429,0,0,query,151,200
1430,0,0,query,150,200
1431,0,0,query,150,200
1432,0,0,query,153,200
1433,0,0,query,150,200
1434,0,0,query,151,200
1435,0,0,query,149,200
1436,0,0,query,151,200
1437,0,0,query,152,200
1438,0,0,query,148,200
1439,0,0,query,149,200
1440,0,0,query,151,200
1441,0,0,query,148,200
1442,0,0,query,148,200
1443,0,0,query,147,200
1444,0,0,query,151,200
1445,0,0,query,148,200
1446,0,0,query,151,200
1447,0,0,query,149,200
1448,0,0,query,150,200
1449,0,0,query,145,200
1450,0,0,query,149,200
1451,0,0,query,147,200
1452,0,0,query,150,200
1453,0,0,query,150,200
1454,0,0,query,150,200
1455,0,0,query,147,200
1456,0,0,query,150,200
1457,0,0,query,148,200
1458,0,0,query,150,200
1459,0,0,query,147,200
1460,0,0,query,148,200
1461,0,0,query,147,200
1462,0,0,query,149,200
1463,0,0,query,148,200
1464,0,0,query,149,200
1465,0,0,query,152,200
1466,0,0,query,149,200
1467,0,0,query,147,200
1468,0,0,query,148,200
1469,0,0,query,147,200
1470,0,0,query,148,200
1471,0,0,query,149,200
1472,0,0,support,150,200
1473,0,0,query,148,200
1474,0,0,query,151,200
1475,0,0,query,149,200
1476,0,0,query,149,200
1477,0,0,query,147,200
1478,0,0,query,152,200
1479,0,0,query,152,200
1480,0,0,query,150,200
1481,0,0,query,146,200
1482,0,0,query,148,200
1483,0,0,query,147,200
1484,0,0,query,148,200
1485,0,0,query,152,200
1486,0,0,query,150,200
1487,0,0,query,145,200
1488,0,0,query,148,200
1489,0,0,query,147,200
1490,0,0,query,150,200
1491,0,0,query,151,200
1492,0,0,query,150,200
1493,0,0,query,146,200
1494,0,0,query,150,200
1495,0,0,query,145,200
1496,0,0,query,151,200
1497,0,0,query,148,200
1498,0,0,query,151,200
1499,0,0,query,147,200
1500,0,0,query,151,200
1501,0,0,query,150,200
1502,0,0,query,150,200
1503,0,0,query,151,200
1504,0,0,query,150,200
1505,0,0,query,148,200
1506,0,0,query,150,200
1507,0,0,query,147,200
1508,0,0,query,149,200
1509,0,0,query,148,200
1510,0,0,query,149,200
1511,0,0,query,149,200
1512,0,0,query,152,200
1513,0,0,query,148,200
1514,0,0,query,150,200
1515,0,0,query,149,200
1516,0,0,query,151,200
1517,0,0,query,151,200
1518,0,0,query,152,200
1519,0,0,query,148,200
1520,0,0,query,150,200
1521,0,0,query,151,200
1522,0,0,query,150,200
1523,0,0,query,147,200
1524,0,0,query,150,200
1525,0,0,query,151,200
1526,0,0,query,151,200
1527,0,0,query,150,200
1528,0,0,query,153,200
1529,0,0,query,154,200
1530,0,0,query,151,200
1531,0,0,query,149,200
1532,0,0,query,149,200
1533,0,0,query,147,200
1534,0,0,query,151,200
1535,0,0,query,150,200
1536,0,0,query,149,200
1537,0,0,query,149,200
1538,0,0,query,155,200
1539,0,0,query,155,200
1540,0,0,query,151,200
1541,0,0,query,148,200
1542,0,0,query,150,200
1543,0,0,query,148,200
1544,0,0,query,151,200
1545,0,0,query,150,200
1546,0,0,query,149,200
1547,0,0,query,151,200
1548,0,0,query,151,200
1549,0,0,query,150,200
1550,0,0,query,153,200
1551,0,0,query,155,200
1552,0,0,query,80,200
1553,0,0,query,79,200
1554,0,0,query,81,200
1555,0,0,query,81,200
1556,9,3,support,992,200
1557,8,2,query,401,200
1558,8,2,query,376,200
1559,8,2,query,600,200
1560,8,2,query,321,200
1561,8,2,query,489,200
1562,9,3,query,992,200
1563,9,3,query,992,200
1564,9,3,query,992,200
1565,8,2,query,652,200
1566,8,2,query,651,200
1567,8,2,query,348,200
1568,8,2,query,323,200
1569,0,0,query,148,200
1570,0,0,query,147,200
1571,0,0,query,149,200
1572,10,1,query,151,200
1573,0,0,query,149,200
1574,0,0,query,151,200
1575,0,0,query,147,200
1576,0,0,query,148,200
1577,0,0,query,148,200
1578,0,0,query,149,200
1579,0,0,query,149,200
1580,10,1,query,148,200
1581,0,0,query,150,200
1582,0,0,query,153,200
1583,0,0,query,148,200
1584,0,0,query,149,200
1585,0,0,query,155,200
1586,0,0,query,155,200
1587,10,1,query,149,200
1588,0,0,query,149,200
1589,0,0,query,152,200
1590,0,0,query,152,200
1591,0,0,query,153,200
1592,0,0,query,153,200
1593,6,6,query,159,200
1594,0,0,query,153,200
1595,4,4,query,992,200
1596,0,0,query,150,200
1597,0,0,query,148,200
1598,4,4,query,834,200
1599,0,0,query,151,200
1600,4,4,support,992,200
1601,0,0,query,147,200
1602,0,0,query,148,200
1603,0,0,query,147,200
1604,0,0,query,148,200
1605,0,0,query,147,200
1606,0,0,query,150,200
1607,0,0,query,145,200
1608,0,0,query,148,200
1609,0,0,query,146,200
1610,0,0,query,148,200
1611,0,0,query,151,200
1612,0,0,query,153,200
1613,0,0,query,147,200
1614,0,0,query,146,200
1615,0,0,query,147,200
1616,0,0,query,147,200
1617,0,0,query,147,200
1618,0,0,query,147,200
1619,0,0,query,150,200
1620,0,0,query,151,200
1621,10,1,query,148,200
1622,10,1,query,148,200
1623,10,1,query,148,200
1624,0,0,query,151,200
1625,0,0,query,147,200
1626,0,0,query,150,200
1627,0,0,query,147,200
1628,0,0,query,150,200
1629,0,0,query,147,200
1630,0,0,query,147,200
1631,0,0,query,146,200
1632,0,0,query,148,200
1633,0,0,query,152,200
1634,0,0,query,147,200
1635,0,0,query,146,200
1636,0,0,query,145,200
1637,0,0,query,146,200
1638,0,0,query,147,200
1639,0,0,query,147,200
1640,0,0,query,147,200
1641,0,0,query,154,200
1642,0,0,query,146,200
1643,0,0,query,148,200
1644,0,0,query,147,200
1645,10,1,query,148,200
1646,0,0,query,151,200
1647,10,1,query,150,200
1648,0,0,query,145,200
1649,0,0,query,146,200
1650,0,0,query,144,200
1651,0,0,query,147,200
1652,0,0,query,150,200
1653,0,0,query,147,200
1654,0,0,query,146,200
1655,0,0,query,149,200
1656,0,0,query,148,200
1657,0,0,query,147,200
1658,0,0,query,150,200
1659,0,0,query,152,200
1660,0,0,query,152,200
1661,0,0,query,151,200
1662,0,0,query,149,200
1663,0,0,query,146,200
1664,0,0,query,146,200
1665,0,0,query,146,200
1666,0,0,query,146,200
1667,0,0,query,151,200
1668,0,0,query,149,200
1669,0,0,query,146,200
1670,0,0,query,150,200
1671,0,0,query,143,200
1672,0,0,query,143,200
1673,0,0,query,143,200
1674,0,0,query,144,200
1675,0,0,query,147,200
1676,0,0,query,149,200
1677,10,1,query,143,200
1678,0,0,query,147,200
1679,0,0,query,142,200
1680,0,0,query,145,200
1681,0,0,query,147,200
1682,0,0,query,148,200
1683,0,0,query,146,200
1684,0,0,query,150,200
1685,0,0,query,145,200
1686,0,0,query,148,200
1687,0,0,query,142,200
1688,10,1,query,144,200
1689,0,0,query,143,200
1690,0,0,query,144,200
1691,0,0,query,143,200
1692,0,0,support,144,200
1693,0,0,query,148,200
1694,0,0,query,147,200
1695,0,0,query,143,200
1696,0,0,query,143,200
1697,0,0,query,144,200
1698,10,1,query,146,200
1699,0,0,query,142,200
1700,0,0,query,146,200
1701,0,0,query,144,200
1702,0,0,query,146,200
1703,0,0,query,143,200
1704,0,0,query,146,200
1705,0,0,query,143,200
1706,0,0,query,146,200
1707,0,0,query,142,200
1708,0,0,query,143,200
1709,0,0,query,143,200
1710,0,0,query,146,200
1711,0,0,query,142,200
1712,0,0,query,144,200
1713,0,0,query,145,200
1714,10,1,query,148,200
1715,0,0,query,142,200
1716,0,0,query,143,200
1717,0,0,query,142,200
1718,0,0,query,143,200
1719,0,0,query,145,200
1720,10,1,query,147,200
1721,0,0,query,143,200
1722,0,0,query,146,200
1723,10,1,support,142,200
1724,10,1,query,144,200
1725,0,0,query,142,200
1726,0,0,query,143,200
1727,0,0,query,150,200
1728,0,0,query,148,200
1729,0,0,query,145,200
1730,0,0,query,147,200
1731,0,0,query,142,200
1732,10,1,query,145,200
1733,0,0,query,145,200
1734,0,0,query,148,200
1735,0,0,query,144,200
1736,0,0,query,145,200
1737,0,0,query,145,200
1738,0,0,query,151,200
1739,0,0,query,148,200
1740,0,0,query,152,200
1741,0,0,query,145,200
1742,0,0,query,146,200
1743,0,0,query,145,200
1744,0,0,query,146,200
1745,0,0,query,144,200
1746,0,0,query,148,200
1747,0,0,query,147,200
1748,0,0,query,149,200
1749,0,0,query,147,200
1750,0,0,query,144,200
1751,0,0,query,146,200
1752,0,0,query,149,200
1753,10,1,query,146,200
1754,0,0,query,148,200
1755,0,0,query,144,200
1756,10,1,query,145,200
1757,0,0,query,146,200
1758,10,1,query,148,200
1759,10,1,query,147,200
1760,0,0,query,147,200
1761,0,0,query,146,200
1762,0,0,query,149,200
1763,0,0,query,146,200
1764,0,0,query,147,200
1765,0,0,query,146,200
1766,0,0,query,149,200
1767,0,0,query,146,200
1768,0,0,query,150,200
1769,10,1,query,154,200
1770,8,2,query,393,200
1771,8,2,query,992,200
1772,4,4,query,881,200
1773,0,0,query,145,200
1774,0,0,query,146,200
1775,0,0,query,145,200
1776,0,0,query,144,200
1777,0,0,query,144,200
1778,10,1,query,146,200
1779,0,0,query,145,200
1780,0,0,query,149,200
1781,4,4,query,754,200
1782,9,3,query,992,200
1783,0,0,query,145,200
1784,0,0,query,143,200
1785,0,0,query,143,200
1786,0,0,query,145,200
1787,0,0,query,144,200
1788,0,0,query,144,200
1789,0,0,query,143,200
1790,0,0,query,145,200
1791,0,0,query,146,200
1792,0,0,query,147,200
1793,0,0,query,144,200
1794,0,0,query,147,200
1795,0,0,query,146,200
1796,10,1,query,148,200
1797,0,0,query,143,200
1798,0,0,query,149,200
1799,0,0,query,147,200
1800,0,0,query,150,200
1801,0,0,query,145,200
1802,0,0,query,147,200
1803,0,0,query,148,200
1804,10,1,query,148,200
1805,10,1,query,144,200
1806,0,0,query,145,200
1807,10,1,query,146,200
1808,0,0,query,146,200
1809,0,0,query,146,200
1810,10,1,query,147,200
1811,10,1,query,148,200
1812,0,0,query,151,200
1813,0,0,query,145,200
1814,0,0,query,135,200
1815,0,0,query,133,200
1816,0,0,query,148,200
1817,0,0,query,145,200
1818,0,0,query,150,200
1819,0,0,query,148,200
1820,0,0,query,149,200
1821,0,0,query,146,200
1822,10,1,query,147,200
1823,0,0,query,143,200
1824,0,0,query,144,200
1825,10,1,query,145,200
1826,0,0,query,147,200
1827,0,0,query,146,200
1828,0,0,query,147,200
1829,0,0,query,148,200
1830,0,0,query,151,200
1831,0,0,query,148,200
1832,0,0,query,148,200
1833,0,0,query,145,200
1834,0,0,query,147,200
1835,0,0,query,144,200
1836,10,1,query,147,200
1837,0,0,query,145,200
1838,0,0,query,146,200
1839,0,0,query,145,200
1840,0,0,query,147,200
1841,10,1,query,148,200
1842,0,0,query,150,200
1843,0,0,query,148,200
1844,0,0,query,151,200
1845,0,0,query,146,200
1846,0,0,query,147,200
1847,10,1,query,145,200
1848,0,0,query,147,200
1849,10,1,query,146,200
1850,0,0,query,147,200
1851,0,0,query,147,200
1852,10,1,query,150,200
1853,10,1,query,146,200
1854,10,1,query,150,200
1855,0,0,query,146,200
1856,0,0,query,149,200
1857,0,0,query,145,200
1858,0,0,query,145,200
1859,0,0,query,145,200
1860,10,1,query,146,200
1861,0,0,query,145,200
1862,0,0,query,148,200
1863,10,1,query,145,200
1864,0,0,query,148,200
1865,0,0,query,147,200
1866,10,1,query,149,200
1867,10,1,query,146,200
1868,10,1,query,147,200
1869,10,1,query,144,200
1870,10,1,query,146,200
1871,10,1,query,145,200
1872,0,0,query,146,200
1873,0,0,query,146,200
1874,0,0,query,147,200
1875,0,0,query,144,200
1876,0,0,query,146,200
1877,0,0,query,145,200
1878,0,0,query,147,200
1879,0,0,query,145,200
1880,0,0,query,145,200
1881,0,0,query,145,200
1882,0,0,query,146,200
1883,0,0,query,143,200
1884,0,0,query,146,200
1885,0,0,query,146,200
1886,10,1,query,146,200
1887,0,0,query,131,200
1888,10,1,query,146,200
1889,0,0,query,145,200
1890,0,0,query,146,200
1891,10,1,query,147,200
1892,0,0,query,150,200
1893,0,0,query,150,200
1894,0,0,query,149,200
1895,0,0,query,148,200
1896,0,0,query,148,200
1897,0,0,query,147,200
1898,10,1,query,135,200
1899,10,1,query,146,200
1900,10,1,query,150,200
1901,3,5,query,156,200
1902,3,5,query,152,200
1903,0,0,query,151,200
1904,10,1,query,152,200
1905,0,0,query,151,200
1906,10,1,query,149,200
1907,0,0,query,153,200
1908,10,1,query,150,200
1909,10,1,query,150,200
1910,0,0,query,135,200
1911,0,0,query,148,200
1912,0,0,query,147,200
1913,0,0,query,149,200
1914,0,0,query,148,200
1915,0,0,query,148,200
1916,0,0,query,151,200
1917,0,0,query,134,200
1918,0,0,query,147,200
1919,0,0,query,148,200
1920,0,0,query,150,200
1921,10,1,query,149,200
1922,0,0,query,151,200
1923,0,0,query,147,200
1924,0,0,query,147,200
1925,0,0,query,147,200
1926,0,0,query,147,200
1927,0,0,query,147,200
1928,0,0,query,148,200
1929,0,0,query,136,200
1930,0,0,query,148,200
1931,0,0,query,148,200
1932,10,1,query,152,200
1933,0,0,query,148,200
1934,0,0,query,150,200
1935,9,3,query,136,200
1936,0,0,query,141,200
1937,0,0,query,143,200
1938,0,0,query,142,200
1939,10,1,query,145,200
1940,10,1,query,144,200
1941,10,1,query,144,200
1942,0,0,query,149,200
1943,0,0,query,144,200
1944,10,1,query,143,200
1945,10,1,query,146,200
1946,0,0,query,146,200
1947,0,0,query,146,200
1948,0,0,query,143,200
1949,10,1,query,145,200
1950,10,1,query,145,200
1951,0,0,query,145,200
1952,10,1,query,150,200
1953,0,0,query,143,200
1954,0,0,query,144,200
1955,0,0,query,144,200
1956,0,0,query,143,200
1957,0,0,query,146,200
1958,10,1,query,145,200
1959,0,0,query,145,200
1960,10,1,query,144,200
1961,0,0,query,145,200
1962,0,0,query,151,200
1963,10,1,query,144,200
1964,10,1,query,143,200
1965,0,0,query,145,200
1966,0,0,query,143,200
1967,10,1,query,145,200
1968,10,1,query,146,200
1969,10,1,query,144,200
1970,0,0,query,147,200
1971,0,0,query,145,200
1972,10,1,support,145,200
1973,10,1,query,146,200
1974,0,0,query,144,200
1975,0,0,query,146,200
1976,10,1,query,146,200
1977,0,0,query,145,200
1978,0,0,query,148,200
1979,0,0,query,144,200
1980,0,0,query,144,200
1981,0,0,query,146,200
1982,0,0,query,146,200
1983,0,0,query,146,200
1984,10,1,query,145,200
1985,10,1,query,146,200
1986,10,1,query,145,200
1987,10,1,query,146,200
1988,0,0,query,146,200
1989,0,0,query,148,200
1990,0,0,query,150,200
1991,10,1,support,144,200
1992,10,1,query,143,200
1993,0,0,query,146,200
1994,0,0,query,145,200
1995,0,0,query,146,200
1996,0,0,query,145,200
1997,0,0,query,145,200
1998,0,0,query,149,200
1999,0,0,query,147,200
2000,10,1,query,144,200
2001,0,0,query,150,200
2002,0,0,query,149,200
2003,0,0,query,146,200
2004,10,1,query,142,200
2005,0,0,query,144,200
2006,0,0,query,144,200
2007,0,0,query,146,200
2008,0,0,query,146,200
2009,0,0,query,145,200
2010,0,0,query,147,200
2011,0,0,query,145,200
2012,0,0,query,149,200
2013,10,1,query,152,200
2014,0,0,query,147,200
2015,0,0,query,144,200
2016,0,0,query,145,200
2017,10,1,query,143,200
2018,0,0,query,143,200
2019,0,0,query,144,200
2020,0,0,query,144,200
2021,0,0,query,145,200
2022,0,0,query,145,200
2023,10,1,query,145,200
2024,0,0,query,143,200
2025,0,0,query,143,200
2026,10,1,query,144,200
2027,0,0,query,145,200
2028,0,0,query,146,200
2029,0,0,query,148,200
2030,0,0,query,148,200
2031,0,0,query,146,200
2032,0,0,query,147,200
2033,0,0,query,145,200
2034,10,1,query,145,200
2035,0,0,query,144,200
2036,0,0,query,154,200
2037,0,0,query,159,200
2038,0,0,query,158,200
2039,10,1,query,157,200
2040,0,0,query,157,200
2041,10,1,query,157,200
2042,0,0,query,157,200
2043,0,0,query,143,200
2044,0,0,query,141,200
2045,10,1,query,157,200
2046,0,0,query,157,200
2047,0,0,query,156,200
2048,0,0,query,157,200
2049,0,0,query,141,200
2050,0,0,query,141,200
2051,0,0,query,148,200
2052,0,0,query,157,200
2053,0,0,query,156,200
2054,10,1,query,157,200
2055,10,1,query,155,200
2056,10,1,query,158,200
2057,4,4,query,978,200
2058,9,3,query,992,200
2059,0,0,query,157,200
2060,0,0,query,158,200
2061,0,0,query,153,200
2062,10,1,query,155,200
2063,0,0,query,154,200
2064,0,0,query,154,200
2065,10,1,query,155,200
2066,6,6,query,158,200
2067,9,3,query,992,200
2068,4,4,query,908,200
2069,1,7,query,149,200
2070,10,1,query,153,200
2071,0,0,query,156,200
2072,10,1,query,153,200
2073,0,0,query,155,200
2074,10,1,query,153,200
2075,10,1,query,155,200
2076,0,0,query,153,200
2077,10,1,query,153,200
2078,10,1,query,152,200
2079,10,1,query,143,200
2080,0,0,query,142,200
2081,0,0,query,158,200
2082,0,0,query,158,200
2083,0,0,query,156,200
2084,0,0,query,158,200
2085,0,0,query,157,200
2086,0,0,query,158,200
2087,10,1,query,155,200
2088,0,0,query,153,200
2089,0,0,query,161,200
2090,0,0,query,161,200
2091,10,1,query,154,200
2092,0,0,query,133,200
2093,0,0,query,140,200
2094,0,0,query,154,200
2095,0,0,query,150,200
2096,0,0,query,159,200
2097,0,0,query,158,200
2098,0,0,query,148,200
2099,0,0,query,151,200
2100,10,1,query,149,200
2101,0,0,query,154,200
2102,10,1,query,156,200
2103,0,0,query,154,200
2104,0,0,query,154,200
2105,10,1,query,159,200
2106,0,0,query,158,200
2107,0,0,query,149,200
2108,9,3,query,146,200
2109,10,1,query,140,200
2110,10,1,query,155,200
2111,0,0,query,153,200
2112,0,0,query,154,200
2113,10,1,query,155,200
2114,10,1,query,154,200
2115,10,1,query,141,200
2116,10,1,query,153,200
2117,0,0,query,154,200
2118,0,0,query,156,200
2119,0,0,query,156,200
2120,0,0,query,155,200
2121,10,1,query,156,200
2122,0,0,query,155,200
2123,0,0,query,155,200
2124,0,0,query,154,200
2125,0,0,query,155,200
2126,9,3,query,144,200
2127,0,0,query,152,200
2128,0,0,query,159,200
2129,0,0,query,154,200
2130,10,1,query,155,200
2131,0,0,query,152,200
2132,10,1,query,155,200
2133,0,0,query,154,200
2134,10,1,query,164,200
2135,10,1,query,160,200
2136,10,1,query,156,200
2137,0,0,query,157,200
2138,0,0,query,156,200
2139,0,0,query,156,200
2140,0,0,query,156,200
2141,10,1,query,155,200
2142,10,1,query,156,200
2143,10,1,query,158,200
2144,0,0,query,157,200
2145,10,1,query,154,200
2146,0,0,query,156,200
2147,0,0,query,152,200
2148,0,0,query,157,200
2149,0,0,query,157,200
2150,0,0,query,161,200
2151,10,1,query,162,200
2152,0,0,query,155,200
2153,0,0,query,154,200
2154,0,0,query,153,200
2155,0,0,query,154,200
2156,0,0,query,151,200
2157,0,0,query,153,200
2158,0,0,query,158,200
2159,0,0,query,160,200
2160,0,0,query,139,200
2161,0,0,query,152,200
2162,10,1,query,152,200
2163,9,3,query,142,200
2164,0,0,query,153,200
2165,0,0,query,156,200
2166,10,1,query,140,200
2167,0,0,query,153,200
2168,0,0,query,157,200
2169,10,1,query,155,200
2170,0,0,query,153,200
2171,0,0,query,156,200
2172,10,1,query,139,200
2173,10,1,query,139,200
2174,0,0,query,155,200
2175,0,0,query,156,200
2176,0,0,query,153,200
2177,0,0,query,154,200
2178,0,0,query,152,200
2179,10,1,query,153,200
2180,0,0,query,152,200
2181,0,0,query,152,200
2182,0,0,query,150,200
2183,10,1,query,154,200
2184,10,1,query,155,200
2185,0,0,query,152,200
2186,10,1,query,153,200
2187,0,0,query,152,200
2188,0,0,query,155,200
2189,0,0,query,152,200
2190,10,1,query,139,200
2191,10,1,query,151,200
2192,9,3,query,143,200
2193,0,0,query,153,200
2194,0,0,query,154,200
2195,10,1,query,152,200
2196,10,1,support,140,200
2197,0,0,query,154,200
2198,10,1,query,154,200
2199,10,1,query,137,200
2200,10,1,query,138,200
2201,10,1,query,152,200
2202,0,0,query,152,200
2203,10,1,query,151,200
2204,0,0,query,152,200
2205,0,0,query,157,200
2206,10,1,query,156,200
2207,0,0,query,139,200
2208,0,0,query,152,200
2209,10,1,query,151,200
2210,0,0,query,154,200
2211,10,1,query,154,200
2212,0,0,query,155,200
2213,0,0,query,152,200
2214,0,0,query,156,200
